English,Catalan
you,vostè
i,i
the,el
to,a
a,a
s,s
it,això
and,i
that,això
t,t
of,de
is,és
in,en
what,què
we,nosaltres
me,jo
this,això
he,ell
for,per
my,meu
on,activat
have,tenir
your,teu
do,fer
was,era
m,m
no,no
not,no
be,ser
are,són
don,don
re,re
know,saber
can,llauna
with,amb
but,però
all,tots
so,tan
just,només
there,allà
here,aquí
they,ells
like,M'agrada
ll,ll
get,aconseguir
she,ella
go,anar
if,si
right,dret
out,fora
about,Sobre
up,amunt
at,a les
him,ell
now,ara
oh,oh
one,un
come,vine
well,bé
her,ella
how,com
yeah,sí
ve,ve
will,voluntat
got,obtingut
want,voler
think,pensar
as,com
see,veure
did,va fer
good,bo
who,OMS
why,Per què
from,des de
let,deixar
his,seva
yes,sí
when,Quan
going,anant
time,temps
an,un
okay,bé
back,esquena
look,mira
us,nosaltres
would,ho faria
them,ells
where,on
were,eren
take,prendre
then,aleshores
had,tenia
or,o
been,estat
our,nostre
gonna,serà
tell,dir
really,realment
man,home
some,alguns
say,dir
hey,hola
could,podria
d,d
didn,no ho va fer
by,per
need,necessitat
something,alguna cosa
has,té
too,també
more,més
way,manera
down,cap avall
make,fer
very,molt
never,mai
only,només
people,gent
over,acabat
because,perquè
little,poc
please,si us plau
love,amor
should,hauria
mean,significar
said,dit
sorry,ho sento
give,donar
off,apagat
am,soc
thank,gràcies
any,cap
two,dos
even,fins i tot
much,molt
doing,fent
sure,segur
thing,cosa
these,aquests
help,ajuda
first,primer
into,a
anything,qualsevol cosa
still,encara
find,trobar
life,vida
nothing,res
sir,senyor
day,dia
god,Déu
work,treball
their,els seus
uh,eh
again,de nou
maybe,pot ser
must,haver de
before,abans
other,altres
wait,espera
stop,Atura
call,anomenada
after,després
won,va guanyar
talk,parlar
away,lluny
than,que
thought,pensat
home,casa
night,nit
put,posar
great,genial
those,aquells
last,darrer
better,millor
everything,tot
told,va dir
mr.,Sr.
new,nou
things,coses
always,sempre
keep,mantenir
long,llarg
years,anys
leave,marxar
does,fa
money,diners
around,al voltant
doesn,no
name,nom
place,lloc
ever,sempre
feel,sentir
guys,nois
father,pare
guy,paio
made,fet
old,vell
isn,isn
which,quin
big,gran
lot,lot
done,fet
hello,Hola
nice,bonic
believe,creure
girl,noia
someone,algú
fine,bé
thanks,gràcies
wanted,volia
kind,amable
coming,arribant
house,casa
every,cada
ok,D'acord
through,a través de
being,ser
course,curs
stay,quedar-se
left,esquerra
dad,pare
enough,suficient
happened,succeït
came,va venir
may,maig
mother,mare
wrong,mal
world,món
bad,dolent
might,podria
three,tres
today,avui
listen,escolta
another,un altre
understand,entendre
hear,escoltar
remember,recorda
ask,preguntar
own,propi
same,mateix
show,espectacle
else,altra cosa
kill,matar
talking,parlant
found,trobat
next,Pròxim
getting,aconseguint
care,cura
car,cotxe
looking,mirant
son,fill
try,provar
woman,dona
went,va anar
hi,hola
dead,mort
many,molts
mind,ment
wasn,era
friend,amic
best,millor
mom,mare
hell,infern
morning,matí
trying,intentant
boy,noi
together,junts
yourself,tu mateix
job,feina
saw,va veure
family,família
real,real
without,sense
baby,nadó
room,habitació
wouldn,ho faria
already,ja
move,moure's
most,la majoria
seen,vist
live,viu
miss,senyoreta
actually,en realitat
huh,eh
shit,merda
both,tots dos
heard,sentit
once,un cop
ready,llest
head,cap
called,va trucar
used,utilitzat
idea,idea
knew,sabia
hold,aguantar
happy,feliç
door,porta
such,tal
fuck,merda
brother,germà
also,també
pretty,bonic
bit,bit
took,pres
haven,refugi
yet,encara
men,homes
whole,sencer
start,començar
use,utilitzar
while,mentre
since,des que
wife,dona
days,dies
guess,endevina
tomorrow,demà
matter,matèria
meet,trobar-se
bring,portar
tonight,aquesta nit
everyone,tothom
run,correr
wanna,vull
hard,dur
ah,ah
alone,sol
myself,jo mateix
school,escola
gone,anat
um,um
end,final
saying,dient
phone,telèfon
play,jugar
looks,aspecte
couldn,podria
fucking,merda
problem,problema
few,pocs
friends,amics
gotta,cal
ago,fa
open,obert
anyone,ningú
killed,morts
hope,esperança
face,cara
until,fins que
lost,perdut
police,policia
excuse,excusa
turn,torn
business,negocis
case,Caixa
wants,vol
says,diu
TRUE,VERITAT
die,morir
heart,cor
soon,aviat
each,cadascun
worry,preocupar-se
later,més tard
year,curs
watch,veure
music,música
hand,mà
having,tenint
probably,probablement
beautiful,bonic
doctor,metge
sit,seure
eat,menjar
thinking,pensant
young,jove
second,segon
working,treball
water,aigua
person,persona
part,part
kids,nens
late,tard
stuff,coses
exactly,exactament
under,sota
death,mort
minute,minut
pay,pagar
crazy,boig
forget,oblidar
everybody,tothom
kid,nen
change,canvi
gave,va donar
happen,passar
damn,maleïda
five,cinc
drink,beure
far,lluny
knows,sap
its,la seva
whatever,el que sigui
eyes,ulls
shut,tanca
aren,aren
hit,colpejar
taking,presa
easy,fàcil
times,vegades
check,comprovar
hands,mans
minutes,minuts
deal,acord
different,diferents
means,significa
point,punt
inside,dins
makes,fa
asked,va preguntar
somebody,algú
mine,el meu
making,fent
body,cos
afraid,por
sleep,dormir
chance,oportunitat
dear,estimada
quite,bastant
four,quatre
anyway,de totes maneres
close,Tanca
ain,ain
party,festa
fun,diversió
against,en contra
word,paraula
comes,ve
important,important
set,conjunt
shall,haurà
story,història
number,nombre
daughter,filla
least,almenys
waiting,esperant
hurt,ferit
wish,desitjar
moment,moment
fight,lluitar
week,setmana
husband,marit
girls,noies
rest,descans
married,casat
fire,foc
game,joc
nobody,ningú
mr,Sr
children,nens
side,costat
stand,parar
read,llegir
though,però
cut,tallar
started,va començar
sister,germana
supposed,suposada
between,entre
child,nen
goes,va
hours,hores
speak,parlar
women,dones
behind,darrere
almost,gairebé
truth,veritat
blood,sang
able,capaç
lady,senyora
anymore,més
playing,jugant
gets,aconsegueix
shot,tir
reason,raó
trouble,problemes
break,trencar
war,guerra
city,ciutat
walk,caminar
town,poble
trust,confiar
dr.,Dr.
met,conegut
office,oficina
question,pregunta
brought,portat
yours,teu
welcome,Benvingut
high,alt
wow,vaja
couple,parella
half,la meitat
died,mort
cool,guai
free,lliure
either,tampoc
seems,sembla
power,poder
whoa,vaja
bye,adéu
buy,comprar
telling,dient
honey,mel
tried,provat
front,davant
team,equip
answer,resposta
gun,arma de foc
boys,nois
line,línia
send,enviar
news,Notícies
stupid,estúpid
bed,llit
hurry,pressa
full,ple
months,mesos
save,guardar
sometimes,de vegades
become,convertir-se en
along,al llarg
hate,odi
food,menjar
outside,fora
light,llum
l,l
needs,necessitats
dog,gos
country,país
clear,clar
order,ordre
em,em
fact,fet
lord,senyor
captain,capità
six,sis
hot,calent
funny,divertida
black,negre
mrs.,mrs.
alive,viu
pick,collir
feeling,sensació
living,vivent
cause,causa
ahead,endavant
lose,perdre
king,rei
plan,pla
dinner,sopar
sighs,sospirs
sort,ordenar
leaving,marxant
shouldn,hauria
running,corrent
boss,cap
alright,bé
promise,promesa
taken,presa
safe,Caixa forta
ma,ma
book,llibre
sent,enviat
white,blanc
hour,hores
anybody,qualsevol
small,petit
perfect,perfecte
cause,causa
lives,vides
special,especial
parents,pares
s,s
john,Joan
himself,a si mateix
perhaps,potser
sounds,sons
serious,seriós
sick,malalt
company,empresa
ha,ha
scared,espantat
uncle,oncle
poor,pobre
red,vermell
past,passat
earth,terra
possible,possible
shoot,disparar
touch,tocar
sound,so
top,superior
ass,cul
laughs,rialles
cannot,no pot
asking,preguntant
win,guanyar
glad,content
control,control
hmm,hmm
human,humana
drive,conduir
hair,cabell
jack,jack
bitch,gossa
luck,sort
murder,assassinat
happens,passa
air,aire
ten,deu
daddy,pare
finally,finalment
chuckles,rialles
fast,ràpid
cold,refredat
seem,semblar
laughing,rient
words,paraules
hospital,hospital
street,carrer
hang,penjar
dance,dansa
meeting,reunió
till,fins a
others,altres
catch,agafar
follow,segueix
sense,sentit
sex,sexe
lie,mentida
evening,vespre
master,mestre
known,conegut
dream,somni
write,escriure
million,milions
voice,veu
sweet,dolça
rather,més aviat
felt,sentit
sign,signe
lucky,sort
somewhere,en algun lloc
bet,aposta
o,o
jesus,Jesús
longer,més llarg
calling,trucant
worked,treballat
quiet,tranquil
looked,mirava
less,menys
pull,estirar
beat,batre
careful,amb compte
coffee,cafè
return,tornar
secret,secret
weeks,setmanes
weren,eren
date,data
seeing,veient
fall,caure
given,donat
ooh,oh
fault,culpa
straight,recte
takes,pren
song,cançó
future,futur
gentlemen,senyors
loved,estimat
changed,canviat
road,carretera
calm,calma
wonderful,meravellós
mad,boig
turned,convertit
drop,tirar
ladies,senyores
learn,aprendre
step,pas
absolutely,absolutament
early,d'hora
explain,explicar
clean,net
piece,peça
yesterday,ahir
throw,llançar
picture,imatge
land,terra
feet,peus
wonder,meravella
questions,preguntes
speaking,parlant
worth,val la pena
darling,estimat
dude,tio
giving,donant
president,president
eye,ull
quick,ràpid
moving,movent-se
figure,figura
state,estat
strong,fort
sam,sam
none,cap
amazing,increïble
ones,uns
works,obres
act,actuar
needed,necessari
weird,estrany
law,Llei
worried,preocupat
report,informe
goodbye,adéu
missing,desaparegut
choice,elecció
happening,passant
chief,cap
wedding,casament
strange,estrany
general,general
pain,dolor
am,soc
kidding,broma
decided,decidit
ya,ja
pass,passar
tired,cansat
class,classe
officer,oficial
kept,guardada
wake,despertar
worse,pitjor
busy,ocupada
eh,eh
mistake,errada
kiss,petó
court,cort
building,edifici
finish,acabar
during,durant
age,edat
ship,vaixell
caught,atrapat
marry,casar-se
meant,significava
sell,vendre
dark,fosc
watching,mirant
system,sistema
suppose,suposar
evidence,proves
movie,pel·lícula
ride,passeig
t,t
completely,completament
mouth,boca
totally,totalment
birthday,aniversari
tv,televisió
forgive,perdonar
born,nascut
imagine,imagina't
information,informació
instead,en canvi
definitely,definitivament
security,seguretat
certainly,sens dubte
film,pel·lícula
month,mes
lying,estirat
unless,tret que
train,tren
seven,set
wear,desgast
clothes,roba
michael,miquel
hotel,hotel
christmas,Nadal
attack,atac
hasn,hasn
round,rodó
expect,esperar
sing,cantar
terrible,terrible
george,Jordi
bag,bossa
history,història
blue,blau
near,prop
broke,trencat
station,estació
seriously,seriosament
forever,per sempre
david,david
frank,Franc
except,excepte
thinks,pensa
message,missatge
entire,sencer
joe,joe
table,taula
talked,parlat
across,a través de
rock,roca
lovely,encantador
handle,gestionar
middle,mig
buddy,amic
paid,pagat
protect,protegir
using,utilitzant
floor,pis
ran,va córrer
swear,jurar
spend,Gastar
situation,situació
ring,anell
anywhere,on sigui
dangerous,perillós
bill,factura
york,york
army,exèrcit
lead,dirigir
bought,comprat
finished,acabat
fair,Fira
sun,sol
letter,carta
fool,ximple
attention,atenció
club,club
simple,senzill
interesting,interessant
space,espai
test,prova
box,Caixa
group,grup
single,solter
sitting,assegut
marriage,matrimoni
join,uneix-te
fear,por
d,d
peace,pau
forgot,oblidat
force,força
short,curt
normal,normal
charlie,charlie
present,present
enjoy,gaudir
mike,mike
crime,crim
horse,cavall
ground,terra
american,americà
count,comptar
area,zona
charge,carregar
honor,honor
lunch,dinar
miles,milles
radio,ràdio
idiot,idiota
ball,pilota
surprise,sorpresa
paper,paper
key,clau
boat,vaixell
quickly,ràpidament
gold,or
bar,bar
fish,peixos
mark,senyal
tom,tom
wearing,portant
crying,plorant
accident,accident
government,govern
eight,vuit
fell,va caure
cover,coberta
certain,cert
interested,interessats
deep,profunda
star,estrella
sea,mar
agree,acordar
problems,problemes
detective,detectiu
prison,presó
major,major
stick,pal
offer,oferta
difficult,difícil
smart,intel·ligent
personal,personals
record,registre
stopped,aturat
hide,amagar
whether,si
bank,banc
trip,viatge
relax,relaxa't
america,Amèrica
public,públic
list,llista
afternoon,tarda
brain,cervell
fix,arreglar
bastard,bastard
proud,orgullós
tea,te
service,servei
screaming,cridant
forward,endavant
angry,enfadat
park,parc
soul,ànima
fighting,lluitant
peter,pere
rich,ric
agent,agent
blow,cop
paul,pau
dress,vestit
mary,maria
missed,perduda
scene,escena
killing,matant
standing,dempeus
saved,guardat
mm,mm
respect,respecte
killer,assassí
ice,gel
mess,embolic
tough,dur
feels,se sent
church,Església
sad,trist
cell,cel·la
drunk,borratxo
share,Compartir
camera,càmera
mm-hmm,mm-hmm
within,dins
card,targeta
fly,volar
ben,ben
girlfriend,xicota
laugh,riure
smell,olor
broken,trencat
mum,mare
honest,honest
often,sovint
starting,començant
calls,trucades
y,y
spent,gastat
third,tercer
english,anglès
visit,visita
mama,mama
judge,jutge
window,finestra
hungry,famolenc
dare,atrevir-se
relationship,relació
moved,mogut
prove,demostrar
private,privat
wall,paret
seat,seient
i-i,i-i
position,posició
lieutenant,tinent
realize,adonar-se
lt,lt
especially,especialment
machine,màquina
walking,caminant
art,art
pleasure,plaer
bloody,sagnant
college,la universitat
french,francès
involved,implicats
cry,plorar
became,es va convertir
lived,viscut
impossible,impossible
obviously,evidentment
neither,tampoc
accept,acceptar
boyfriend,xicot
besides,a més
queen,reina
teacher,professor
cops,policies
sake,sake
loves,amors
carry,portar
teach,ensenyar
apartment,apartament
upset,molest
green,verd
la,la
liked,agradat
cute,bonic
evil,dolent
professor,professor
contact,contacte
joke,broma
cop,policia
huge,enorme
holy,Sant
store,botiga
jail,presó
likes,m'agrada
lawyer,advocat
doubt,dubte
continue,continuar
appreciate,apreciar
cat,gat
shop,botiga
driving,conduir
congratulations,felicitats
wrote,va escriure
village,poble
quit,sortir
field,camp
james,james
wine,vi
decision,decisió
south,sud
sleeping,dorment
slow,lent
laughter,riure
island,illa
glass,vidre
beginning,començament
cash,diners en efectiu
dying,morint
hundred,cent
whose,de qui
difference,diferència
plane,avió
push,empènyer
continues,continua
mmm,mmm
singing,cantant
eating,menjant
north,nord
mrs,mrs
tree,arbre
madam,senyora
gift,regal
truck,camió
putting,posant
bear,suportar
board,pissarra
grab,agafar
beer,cervesa
stuck,enganxat
magic,màgia
support,suport
rules,regles
grunts,grunyits
partner,soci
reach,arribar
wind,vent
colonel,coronel
max,màx
immediately,immediatament
seconds,segons
thousand,milers
gives,dóna
experience,experiència
cheers,ànims
victim,víctima
upon,sobre
computer,ordinador
christ,crist
planet,planeta
promised,promès
bus,autobús
henry,enric
dirty,brut
search,cerca
staying,quedar-se
dreams,somnis
arrest,aturar
holding,aguantant
suddenly,de sobte
usually,generalment
lots,lots
shoes,sabates
er,er
jump,saltar
rid,eliminar
yo,jo
knock,toc
owe,deure
harry,Harry
grow,créixer
worst,pitjor
river,riu
aunt,tia
patient,pacient
kitchen,cuina
aah,aah
fat,greix
passed,passat
m,m
final,final
summer,estiu
bob,bob
listening,escoltant
escape,escapar
everywhere,arreu
moon,lluna
arms,braços
turns,girs
address,adreça
ow,oi
match,partit
gasps,jadeja
grand,gran
yep,sí
shh,shh
nervous,nerviós
de,de
choose,triar
themselves,ells mateixos
decide,decidir
mate,company
drinking,bevent
press,premsa
bother,molestar
foot,peu
hadn,havia
blame,culpa
crap,merda
drugs,drogues
type,tipus
rings,anells
mission,missió
named,nomenat
heaven,el cel
ii,ii
picked,escollit
paris,parís
race,carrera
risk,risc
books,llibres
further,més lluny
danny,Danny
action,acció
allowed,permès
orders,ordres
learned,après
price,preu
arrived,va arribar
nick,efecte
otherwise,d'una altra manera
pictures,imatges
fit,encaixar
smoke,fum
favor,favor
played,jugat
notice,avís
awesome,genial
smile,somriure
director,director
guard,guàrdia
begin,començar
spot,taca
surprised,sorprès
innocent,innocent
narrator,narrador
herself,ella mateixa
london,Londres
feelings,sentiments
enemy,enemic
battle,batalla
ourselves,nosaltres mateixos
alex,àlex
dollars,dòlars
allow,permetre
nine,nou
gay,gai
department,departament
guilty,culpable
apart,a part
earlier,abans
duty,deure
jim,jim
suit,vestit
bell,timbre
west,oest
legs,cames
hero,heroi
destroy,destruir
stage,etapa
bunch,munt
according,segons
chicken,pollastre
bigger,més gran
grunting,grunyint
low,baix
helping,ajudar
admit,admetre
closed,tancat
names,noms
witness,testimoni
upstairs,a dalt
arm,braç
steal,robar
jimmy,jimmy
kick,puntada
twice,dues vegades
cross,creu
ways,maneres
sergeant,sergent
indeed,en efecte
gas,gas
keeping,mantenint
energy,energia
pregnant,embarassada
waste,malbaratament
helped,ajudat
fired,acomiadat
favorite,favorit
tony,tony
taste,gust
locked,tancat
places,llocs
writing,escriptura
adam,Adam
brothers,germans
starts,comença
prince,príncep
form,forma
sold,venut
silly,ximple
mention,esmentar
build,construir
throat,gola
hole,forat
figured,figurat
track,pista
ringing,sonant
lock,pany
leg,cama
above,a dalt
hiding,amagant-se
steve,steve
seemed,semblant
breakfast,esmorzar
engine,motor
written,escrit
complete,completa
video,vídeo
applause,aplaudiments
however,malgrat això
pressure,pressió
fresh,fresc
weapon,arma
sky,cel
ms.,Senyora.
stole,robat
study,estudiar
burn,cremar
reading,lectura
crowd,multitud
treat,tractar
roll,rotllo
double,doble
spirit,esperit
danger,perill
cost,cost
empty,buit
level,nivell
memory,memòria
itself,mateix
acting,actuació
interest,interès
nose,nas
plans,plans
following,següent
bathroom,bany
built,construït
closer,més a prop
ray,raig
sarah,sarah
band,banda
groans,gemecs
apparently,aparentment
excited,emocionat
richard,richard
losing,perdent
animals,animals
flight,vol
nature,naturalesa
raise,pujar
pop,pop
client,client
bomb,bomba
neck,coll
suspect,sospitós
warm,càlid
extra,extra
bottle,ampolla
van,furgoneta
heavy,pesat
mommy,mare
dogs,gossos
wild,salvatge
ridiculous,ridícul
simply,senzillament
lee,lee
animal,animal
showed,mostrat
billy,billy
shooting,disparant
keeps,guarda
camp,campament
guns,pistoles
medical,mèdic
shame,vergonya
hoping,esperant
whom,qui
bird,ocell
majesty,majestat
flowers,flors
famous,famós
asleep,adormit
beauty,bellesa
driver,conductor
keys,claus
rain,pluja
awful,horrible
large,gran
local,locals
deserve,mereix
goddamn,deu meu
stone,pedra
jane,jane
grace,gràcia
consider,considerar
weekend,cap de setmana
wondering,preguntant-se
lay,estirar
plenty,molt
willing,disposat
pants,pantalons
sweetheart,amor
skin,pell
excellent,excel · lent
asshole,idiota
beach,platja
c,c
faith,fe
beg,suplicar
fuckin,merda
responsible,responsable
military,militar
cheering,animant
opportunity,oportunitat
common,comú
bottom,inferior
german,alemany
whoever,qui sigui
cook,cuinar
walked,caminava
papers,papers
justice,justícia
hall,sala
commander,comandant
drug,droga
main,principal
knife,ganivet
devil,diable
necessary,necessaris
although,encara que
princess,princesa
lights,llums
flying,volant
dick,polla
rose,rosa
knowing,saber
clearly,clarament
hat,barret
agreed,convingut
johnny,Johnny
corner,cantonada
code,codi
note,nota
tommy,Tommy
due,degut
correct,correcte
apologize,disculpes
language,llenguatge
stars,estrelles
faster,més ràpid
cars,cotxes
folks,gent
bullshit,merda
i.,i.
fellow,company
several,diversos
grandma,àvia
shows,espectacles
leader,líder
leaves,fulles
restaurant,restaurant
east,est
shouting,cridant
blind,cec
ghost,fantasma
cup,tassa
gotten,aconseguit
tight,estret
conversation,conversa
tells,diu
lies,mentides
nor,ni tampoc
pulled,tirat
hanging,penjant
speed,velocitat
stories,històries
health,salut
advice,consell
held,retinguda
uh-huh,UH huh
murdered,assassinat
beyond,més enllà
rule,regla
hardly,amb prou feines
possibly,possiblement
inspector,inspector
cousin,cosí
trial,judici
emergency,emergència
ought,hauria
eddie,eddie
somehow,d'alguna manera
hearing,audició
states,estats
account,compte
spoke,parlava
file,dossier
understood,entès
angel,àngel
tape,cinta
milk,llet
powerful,potent
weapons,armes
practice,pràctica
manager,gerent
pardon,perdó
vote,votar
jake,jake
national,nacional
career,carrera
minister,ministre
super,súper
taught,ensenyat
robert,robert
biggest,el més gran
plays,juga
natural,natural
dancing,ballant
copy,còpia
plus,més
martin,martí
cake,pastís
freedom,llibertat
among,entre
breath,respiració
operation,funcionament
chris,cris
crew,tripulació
challenge,desafiament
market,mercat
meat,carn
towards,cap a
bringing,portant
dropped,va caure
student,estudiant
lied,va mentir
strength,força
size,mida
breathe,respirar
color,color
monster,monstre
loud,fort
photo,foto
aw,aw
nearly,gairebé
sight,vista
greatest,més gran
games,jocs
bridge,pont
dressed,vestit
arrested,detinguts
horrible,horrible
coach,entrenador
planning,planificació
checked,comprovat
breaking,trencament
noticed,notat
fantastic,fantàstic
screams,crits
serve,servir
ideas,idees
investigation,investigació
center,centre
older,més vell
pack,paquet
soldiers,soldats
nonsense,tonteries
doc,doc
project,projecte
training,formació
example,exemple
trick,truc
prepared,preparat
science,ciència
united,units
travel,viatjar
incredible,increïble
grandpa,avi
paying,pagant
character,personatge
teeth,dents
criminal,criminal
charles,carles
chinese,xinès
truly,veritablement
honestly,honestament
bro,germà
survive,sobreviure
bobby,bobby
target,objectiu
feed,alimentar
nurse,infermera
e,e
fake,fals
records,registres
breathing,la respiració
sweetie,carinyo
numbers,nombres
oil,oli
suicide,suïcidi
belong,pertànyer
whoo,vaja
perfectly,perfectament
amy,amy
forgotten,oblidat
remain,romandre
original,original
papa,papa
onto,cap a
concerned,preocupat
credit,crèdit
ugh,uf
invited,convidat
discuss,discutir
research,recerca
easier,més fàcil
view,vista
chair,cadira
hurts,fa mal
strike,colpejar
roger,roger
fill,omplir
condition,condició
mountain,muntanya
dr,Dr
nowhere,enlloc
sheriff,xèrif
kim,kim
turning,girant
brown,marró
recognize,reconèixer
heads,caps
audience,públic
all,tots
jealous,gelós
pretend,fingir
society,societat
finding,trobant
shirt,camisa
comfortable,còmode
meaning,significat
guest,convidat
pieces,peces
dry,sec
letting,lloguer
began,va començar
aye,sí
jeff,jeff
female,femella
release,alliberar
ho,ho
cards,targetes
pray,pregar
unfortunately,malauradament
balls,boles
destroyed,destruït
ended,acabat
universe,univers
prepare,preparar
opinion,opinió
movies,pel·lícules
soldier,soldat
wash,rentar
program,programa
heat,calor
usual,habitual
ticket,bitllet
stolen,robat
prefer,preferir
aware,conscient
surely,segurament
male,mascle
base,base
matters,qüestions
lift,aixecar
lab,laboratori
command,comandament
proof,prova
cream,crema
selling,venda
believed,creia
create,crear
h,h
afford,permetre's
sunday,diumenge
total,total
dumb,muda
threw,va llançar
france,França
birth,naixement
created,creat
realized,adonar-se'n
british,britànic
noise,soroll
nuts,fruits secs
students,estudiants
birds,ocells
social,socials
brilliant,brillant
bodies,cossos
tie,corbata
opened,obert
ours,nostre
bucks,diners
kevin,Kevin
mister,senyor
ugly,lleig
ryan,ryan
focus,focus
dan,dan
opens,s'obre
exist,existir
followed,seguit
england,Anglaterra
draw,sorteig
purpose,propòsit
letters,lletres
daniel,daniel
opening,obertura
bullet,bala
anna,anna
lately,darrerament
stayed,es va quedar
falling,caient
season,temporada
ends,acaba
suggest,suggerir
joy,alegria
distance,distància
responsibility,responsabilitat
whenever,sempre que
issue,assumpte
thousands,milers
process,procés
sword,espasa
shower,dutxa
weak,feble
fucked,fotut
lonely,solitària
happiness,felicitat
eric,eric
tiny,petit
desk,escriptori
pool,piscina
property,propietat
forced,forçat
settle,resoldre
indistinct,indistinta
weight,pes
received,rebut
gang,colla
bite,mossegada
friday,divendres
disappeared,desaparegut
interview,entrevista
expecting,esperant
kinda,una mica
surgery,cirurgia
horses,cavalls
mayor,alcalde
babe,nena
ancient,antiga
handsome,guapo
thomas,Tomàs
saturday,dissabte
staff,personal
lines,línies
unit,unitat
fan,ventilador
gentleman,senyor
introduce,introduir
fate,destí
split,dividir
recently,recentment
expected,esperat
add,afegir
ordered,ordenat
slowly,lentament
alarm,alarma
member,membre
slept,dormia
signed,signat
enter,entrar
spanish,espanyol
garden,jardí
brings,porta
brave,valent
pig,porc
model,model
finger,dit
medicine,medicament
access,accés
failed,fracassat
flat,plana
easily,fàcilment
discovered,descobert
based,basat
screw,cargol
insane,boig
cares,es preocupa
weather,el temps
fingers,dits
san,san
scott,Scott
path,Camí
soft,suau
harm,dany
style,estil
community,comunitat
sees,veu
basically,bàsicament
al,al
signal,senyal
nope,no
spare,de recanvi
speech,discurs
covered,cobert
shake,sacsejar
loose,solt
snow,neu
russian,rus
lake,llac
bright,brillant
roof,sostre
ohh,oh
sending,enviant
paint,pintura
remind,recordar
pal,amic
naked,nus
post,publicació
sugar,sucre
heading,encapçalament
streets,carrers
damage,dany
silence,silenci
doors,portes
pete,pete
ed,ed
success,èxit
wet,humit
nah,no
amount,quantitat
members,membres
kate,kate
manage,gestionar
safety,seguretat
returned,retornat
harder,més difícil
fbi,fbi
block,bloc
showing,mostrant
fancy,luxós
chef,xef
contract,contracte
dig,cavar
chest,pit
good-bye,adéu
drinks,begudes
dave,dave
buried,enterrat
brian,brian
trade,comerç
journey,viatge
stomach,estómac
changes,canvis
details,detalls
thoughts,pensaments
divorce,divorci
funeral,funeral
maria,maria
football,futbol
reality,realitat
theory,teoria
gosh,vaja
ruined,arruïnat
gate,porta
william,Guillem
spread,propagació
outta,fora de
japanese,japonès
sudden,de sobte
coat,abric
sooner,més aviat
cheese,formatge
larry,larry
spring,primavera
page,pàgina
ears,orelles
simon,simó
castle,castell
hidden,amagat
storm,tempesta
cos,cos
personally,personalment
artist,artista
hill,turó
exciting,emocionant
permission,permís
jerry,jerry
expensive,car
tickets,bitllets
forest,bosc
barely,amb prou feines
eggs,ous
goin,entra
regret,lamentar
lesson,lliçó
lover,amant
bread,pa
andy,andy
subject,assignatura
legal,legal
growing,creixent
ill,malalt
jason,en jason
mood,estat d'ànim
owner,propietari
caused,causat
beeping,sonant
points,punts
dating,cites
loss,pèrdua
secretary,secretari
revenge,venjança
santa,santa
likely,probable
rent,lloguer
connection,connexió
assistant,assistent
reasons,raons
yelling,cridant
painting,pintura
trees,arbres
doctors,metges
rush,pressa
foreign,estranger
rough,aspre
murderer,assassí
century,segle
nights,nits
pair,parella
runs,carreres
pocket,butxaca
farm,granja
matt,mat
bike,bicicleta
obvious,evident
ate,va menjar
grew,va créixer
professional,professional
tim,tim
goodness,bondat
parts,parts
alan,alan
university,universitat
square,quadrat
grandfather,avi
europe,europa
genius,geni
cases,casos
ruin,ruïna
winter,hivern
tongue,llengua
memories,records
da,da
buying,comprant
cancer,càncer
clock,rellotge
ocean,oceà
dna,ADN
liar,mentider
tour,gira
thief,lladre
bleep,bip
lisa,lisa
rights,drets
including,inclòs
competition,competició
smith,ferrer
planned,previst
emily,emily
boring,avorrit
victims,víctimes
mentioned,esmentat
bones,ossos
plant,planta
bless,beneir
warning,advertència
knocking,trucant
re,re
crash,xoc
bedroom,dormitori
lower,més baix
silver,plata
groaning,gemegant
madame,senyora
defense,defensa
results,resultats
toilet,lavabo
event,esdeveniment
complicated,complicat
shape,forma
priest,sacerdot
royal,Reial
cheap,barat
romantic,romàntic
downstairs,a baix
invite,convidar
fortune,fortuna
tears,llàgrimes
avoid,evitar
reached,assolit
higher,més alt
familiar,familiar
telephone,telèfon
burning,cremant
filled,ple
kelly,Kelly
alice,alícia
airport,aeroport
jobs,feines
grown,crescut
walter,walter
rachel,rachel
giant,gegant
insurance,assegurança
woods,boscos
n,n
scare,por
pleased,content
period,període
political,polític
player,jugador
stops,s'atura
secrets,secrets
laura,laura
repeat,repetir
photos,fotografies
finds,troba
statement,declaració
suck,xuclar
younger,més jove
china,Xina
humans,els éssers humans
delicious,deliciós
particular,particular
proper,adequat
rome,roma
belongs,pertany
attacked,atacat
bath,bany
hired,contractat
site,lloc
knowledge,coneixement
b,b
led,conduït
guests,convidats
celebrate,celebrar
map,mapa
horn,banya
eventually,eventualment
pity,llàstima
powers,poders
ashamed,avergonyit
assume,assumir
glasses,ulleres
rise,pujar
fixed,fixat
request,petició
officers,oficials
pounds,lliures
data,dades
carefully,amb cura
per,per
depends,depèn
jury,jurat
waited,esperava
positive,positiu
attorney,advocat
direction,direcció
families,famílies
clock,rellotge
doin,fent
forces,forces
location,ubicació
walls,parets
useless,inútil
grant,subvenció
saving,estalviant
speaks,parla
fought,lluitat
meal,menjar
deliver,lliurar
answers,respostes
changing,canviant
temple,temple
scary,espantós
millions,milions
offered,ofert
regular,regular
carrying,portant
official,oficial
jacket,jaqueta
switch,interruptor
grave,tomba
chase,persecució
role,paper
odd,estrany
sexy,sexy
faces,cares
becomes,esdevé
closes,tanca
badly,malament
tall,alt
confused,confós
affair,afer
television,televisió
shock,xoc
raised,aixecat
panting,jadeig
pizza,pizza
image,imatge
clears,esborra
golden,daurat
patients,pacients
watched,mirat
committed,compromès
sexual,sexual
suffer,patir
arthur,artur
wherever,allà on
plate,placa
appear,apareixer
chocolate,xocolata
clever,intel·ligent
hm,hm
mercy,gràcies
shots,trets
lucy,Lucy
dealing,tractar
trap,trampa
charges,càrrecs
phil,fil
bang,cop
poison,verí
butt,cul
drove,conduïa
yourselves,vosaltres mateixos
headed,encapçalat
babies,nadons
yellow,groc
soup,sopa
mystery,misteri
picking,recollint
sat,assegut
wound,ferida
traffic,trànsit
courage,coratge
hunt,caçar
indian,indi
rat,rata
terms,termes
italian,italià
emma,emma
checking,comprovació
disease,malaltia
managed,gestionat
winner,guanyador
council,consell
appointment,cita
monday,dilluns
crack,crack
threat,amenaça
jenny,jenny
physical,físic
nation,nació
source,font
chose,escollit
healthy,saludable
carl,carl
victory,victòria
rick,rick
stood,es va posar dempeus
kicked,colpejat
annie,annie
disgusting,repugnant
palace,palau
below,baix
shopping,compres
neighborhood,barri
march,marxa
lips,llavis
midnight,mitjanit
piss,pixar
advantage,avantatge
pure,pur
india,l'Índia
aside,a part
jerk,idiota
mail,correu
dawn,alba
effect,efecte
spell,conjurar
freak,monstre
wood,fusta
screwed,cargolat
enemies,enemics
gary,gary
awake,despert
chuckling,rient
vacation,vacances
violence,violència
leo,lleó
grandmother,àvia
modern,modern
luke,luke
firm,ferm
prime,primer
heh,heh
touched,tocat
talent,talent
whore,puta
piano,piano
license,llicència
cooking,cuinar
honour,honor
concern,preocupació
moves,es mou
available,disponible
factory,fàbrica
gods,déus
value,valor
central,central
union,Unió
mirror,mirall
studio,estudi
media,mitjans de comunicació
taxi,taxi
dies,mor
iron,ferro
hearts,cors
desire,desig
rob,robar
claire,Claire
fred,fred
songs,cançons
washington,washington
monkey,mico
pride,orgull
pills,pastilles
miracle,miracle
swim,nedar
burned,cremat
smells,olors
joking,fent broma
christian,cristià
bleeding,sagnant
hook,ganxo
beating,batre
protection,protecció
treatment,tractament
ear,orella
carter,carreter
metal,metall
disappear,desaparèixer
grateful,agraït
extremely,extremadament
treasure,tresor
rescue,rescat
capable,capaç
passing,passant
chatter,xerrada
result,resultat
suffering,patiment
sisters,germanes
laid,posat
governor,governador
guards,guàrdies
louis,Lluís
text,text
literally,literalment
remove,eliminar
becoming,esdevenint
performance,rendiment
stronger,més fort
rate,taxa
deeply,profundament
scream,cridar
desert,desert
vehicle,vehicle
illegal,il·legal
pulling,tirant
throwing,llançant
josh,josh
unbelievable,increïble
ted,ted
zero,zero
dean,degà
curious,curiós
sean,sean
candy,caramels
bone,os
tied,lligat
edge,vora
load,càrrega
susan,Susana
ahh,ahh
mountains,muntanyes
boom,boom
former,antic
holiday,festa
riding,a cavall
scoffs,burla
hundreds,centenars
motherfucker,fill de puta
sue,demandar
bags,bosses
stealing,robar
appears,apareix
arrive,arribar
remains,restes
decent,decent
issues,qüestions
tip,propina
fail,fracassar
bride,núvia
pissed,enfadat
penny,cèntim
claim,reclamació
friendship,amistat
desperate,desesperada
flower,flor
dramatic,Dramàtic
refuse,rebutjar
solve,resoldre
theme,tema
loving,amorós
properly,correctament
dragon,drac
mostly,majoritàriament
chuck,chuck
directly,directament
surface,superfície
FALSE,FALS
cast,repartiment
junior,júnior
hunting,cacera
silent,silenciós
thou,tu
egg,ou
germany,Alemanya
punch,punxada
africa,Àfrica
woke,va despertar
intelligence,intel·ligència
borrow,demanar prestat
winning,guanyant
falls,cau
popular,popular
escaped,escapat
witch,bruixa
convinced,convençut
warn,avisar
announcer,locutor
champagne,xampany
dust,pols
kyle,kyle
someday,algun dia
fallen,caigut
stranger,desconegut
presence,presència
tear,llàgrima
st.,st.
internet,internet
monsieur,senyor
therefore,per tant
technology,tecnologia
tires,pneumàtics
toast,torrades
wise,savi
clark,clark
americans,americans
notes,notes
smoking,fumar
hank,Hank
ls,ls
april,abril
wolf,llop
precious,preciós
rooms,habitacions
coast,Costa
treated,tractats
material,material
released,alliberat
uniform,uniforme
hated,odiat
considered,considerat
rice,arròs
exchange,intercanvi
steps,passos
blake,blake
convince,convèncer
beast,bèstia
cow,vaca
files,Fitxers
signs,signes
drag,arrossegar
cab,cabina
hung,penjat
carried,portat
ordinary,ordinari
successful,reeixit
eve,Vigília
mistakes,errades
houses,cases
chattering,xerrant
brains,cervells
japan,Japó
creature,criatura
fourth,quart
separate,separat
cleaning,neteja
california,Califòrnia
lf,lf
ll,ll
shift,canvi
elizabeth,elisabet
chicago,Chicago
exact,exacte
karen,karen
goal,objectiu
expert,expert
served,servit
direct,directe
score,puntuació
row,fila
marks,marques
twenty,vint
receive,rebre
series,sèrie
section,secció
pilot,pilot
jackson,jackson
darkness,foscor
thy,teu
sale,venda
destiny,el destí
cure,curar
spoken,parlat
armed,armat
rare,rar
helen,Helena
grade,grau
juice,suc
wide,ample
tower,torre
solution,solució
schedule,horari
explosion,explosió
wheel,roda
cigarette,cigarret
julie,julie
fruit,fruita
blew,va bufar
victor,vencedor
talks,converses
sacrifice,sacrifici
range,rang
button,botó
reports,informes
prisoner,pres
pie,pastís
effort,esforç
youth,joventut
pot,olla
eaten,menjat
taylor,taylor
knees,genolls
garage,garatge
parking,aparcament
ambulance,ambulància
staring,mirant
chances,possibilitats
circumstances,circumstàncies
sin,pecat
gordon,Gordon
progress,"progrés, progressar"
unusual,inusual
county,comtat
stairs,escales
campaign,campanya
mon,dl
vision,visió
reporter,periodista
equipment,equipament
moments,moments
joey,joey
mass,massa
alien,alienígena
trapped,atrapat
helps,ajuda
route,ruta
defend,defensar
trace,traça
nasty,desagradable
tests,proves
magazine,revista
rocks,roques
dump,abocador
rude,groller
searching,buscant
clue,pista
connected,connectat
amen,amén
pushed,empès
merry,alegre
zone,zona
senior,major
closing,tancament
freeze,congelar
emperor,emperador
incident,incident
snake,serp
mexico,Mèxic
lily,lliri
actor,actor
newspaper,diari
sentence,frase
greg,greg
leading,liderant
friendly,amigable
jones,jones
chosen,escollit
engaged,compromesa
julia,julia
charming,encantador
mustn,mustn
anger,ira
spending,despesa
learning,aprenentatge
spy,espia
sharp,agut
shadow,ombra
warrant,mandat
elevator,ascensor
kingdom,regne
ricky,ricky
jamie,jamie
squad,equip
shoulder,espatlla
wave,onada
amanda,amanda
highness,altesa
kinds,tipus
fishing,pescar
sometime,alguna vegada
attitude,actitud
sucks,xucla
negative,negatiu
screen,pantalla
workers,treballadors
bored,avorrit
cameras,càmeres
similar,semblants
understanding,comprensió
beeps,bips
chain,cadena
bull,toro
gasping,jadeant
fully,completament
robin,pit-roig
collect,recollir
gorgeous,preciosa
morgan,morgan
passion,passió
writer,escriptor
empire,imperi
international,internacional
curse,maledicció
hire,contractar
bastards,bastards
puts,posa
leads,condueix
id,id
blows,cops
sons,fills
estate,finca
customers,clients
maggie,maggie
gunshot,tret
i-,jo-
device,dispositiu
troops,tropes
hug,abraçada
design,disseny
movement,moviment
thunder,tro
object,objecte
loser,perdedor
pen,bolígraf
sobbing,plorant
politics,política
despite,malgrat
alcohol,alcohol
climb,escalar
clients,clients
conference,conferència
provide,proporcionar
marty,martí
seek,buscar
witnesses,testimonis
earn,guanyar
trash,escombraries
valley,vall
fashion,moda
howard,howard
episode,episodi
prize,premi
previously,prèviament
sports,esports
wanting,voler
debt,deute
wishes,desitjos
hitler,hitler
wire,filferro
thee,tu
circle,cercle
approach,enfocament
stock,estoc
facts,fets
remembered,recordat
percent,per cent
normally,normalment
tail,cua
joined,unit
education,educació
bravo,bravo
library,biblioteca
rape,violació
wings,ales
growling,grunyint
thrown,llançat
tank,tanc
exhales,exhala
authority,autoritat
current,actual
failure,fracàs
nightmare,malson
hitting,colpejant
glory,glòria
knocked,va colpejar
studying,estudiant
barry,barry
agency,agència
apple,poma
border,frontera
rope,corda
duck,ànec
reputation,reputació
confidence,confiança
yard,pati
beloved,estimada
lack,mancança
actual,real
skills,habilitats
films,pel·lícules
mental,mental
salt,sal
flesh,carn
anne,anna
secure,segur
highly,molt
federal,federal
sand,sorra
emotional,emocional
setting,configuració
nothin,res
senator,senador
services,serveis
robbery,robatori
hates,odia
fed,alimentat
reward,recompensa
theater,teatre
johnson,johnson
commit,comprometre's
patrick,patrick
entirely,completament
extraordinary,extraordinari
ships,vaixells
opposite,contrari
parties,festa
stands,estands
terry,Terry
chat,xat
events,esdeveniments
mummy,mòmia
bay,badia
slip,relliscar
disappointed,decebut
settled,assentat
begins,comença
andrew,andrew
alert,alerta
detail,detall
pink,rosa
fellas,companys
accepted,acceptat
background,fons
garbage,escombraries
panic,pànic
minds,ments
belt,cinturó
blowing,bufant
hollywood,hollywood
agreement,acord
jackie,Jackie
pushing,empenyent
ability,capacitat
tiger,tigre
whispering,xiuxiuejant
culture,cultura
saint,Sant
jesse,jesse
task,tasca
solid,sòlid
doll,nina
intend,pretenen
district,districte
pa,pa
gee,vaja
custody,custòdia
ignore,ignorar
naturally,naturalment
useful,útil
attempt,intent
abandoned,abandonat
cutting,tall
kissed,besats
guarantee,garantia
barking,bordant
gather,reunir
policy,política
u.s.,nosaltres.
violent,violents
maid,criada
embarrassing,vergonyós
childhood,infantesa
wasting,malbaratament
bow,arc
chick,pollet
sara,sara
disaster,desastre
revolution,revolució
online,en línia
f,f
demon,dimoni
heavily,fortament
coincidence,coincidència
perform,realitzar
thin,prim
terrific,excel · lent
mac,mac
crown,corona
identity,identitat
virgin,verge
impressive,impressionant
windows,finestres
no-one,Ningú
potential,potencial
guitar,guitarra
committee,comitè
dozen,dotzena
delivery,lliurament
advance,avanç
quietly,en silenci
stan,stan
teaching,l'ensenyament
hunter,caçador
latest,més recent
hurting,fent mal
swing,gronxador
capital,capital
counting,comptant
drew,va dibuixar
dirt,brutícia
whistle,xiulet
marie,maria
hits,accessos
doug,Doug
deny,negar
urgent,urgent
threatened,amenaçat
behavior,comportament
molly,molly
mixed,barrejat
stays,estades
assure,assegurar
subtitles,subtítols
explanation,explicació
wins,guanya
unique,únic
chasing,perseguint
billion,mil milions
duke,duc
production,producció
slave,esclau
agents,agents
carol,nadala
lets,deixem
cruel,cruel
mask,màscara
sally,sally
behave,comportar-se
bury,enterrar
massive,massiva
pathetic,patètic
species,espècies
approaching,apropant-se
jo,jo
loan,préstec
struggle,lluitar
dish,plat
trusted,de confiança
jumped,va saltar
firing,disparant
channel,canal
abby,abby
stopping,aturant-se
asks,pregunta
jean,Jean
swimming,natació
daily,diàriament
basement,soterrani
linda,Linda
quarter,trimestre
erm,erm
bound,lligat
navy,marina
article,article
guide,guia
accused,acusat
transfer,transferència
guts,budells
quality,qualitat
fella,noi
roman,romà
greater,més gran
damned,maleït
couch,sofà
cheer,animar
vegas,vegas
shoe,sabata
title,títol
shy,tímid
punishment,càstig
los,els
clicks,clics
you,vostè
closet,armari
bye-bye,adeu
fever,febre
coward,covard
flash,flaix
impressed,impressionat
bruce,bruce
siren,sirena
prisoners,presoners
sides,costats
bowl,bol
katie,katie
supply,subministrament
sensitive,sensible
hopefully,amb sort
rolling,rodant
roy,roy
dollar,dòlar
tone,to
voices,veus
g,g
i,i
cheating,enganyar
confess,confessar
demand,demanda
museum,museu
unknown,desconegut
drama,drama
suspicious,sospitós
adult,adult
todd,todd
frightened,espantat
warned,avisat
steady,estable
kills,mata
crossed,creuat
lou,lou
particularly,particularment
sandwich,entrepà
laws,lleis
joint,articulació
bullets,bales
package,paquet
trained,entrenat
thursday,dijous
boots,botes
possibility,possibilitat
albert,albert
civil,civil
june,juny
germans,alemanys
baseball,beisbol
express,expressar
miserable,miserable
tuesday,dimarts
parker,parker
lion,lleó
joseph,Josep
refused,rebutjat
shine,brillar
assault,assalt
hong,hong
jokes,acudits
breaks,trencaments
argue,argumentar
you-,vostè-
trail,pista
option,opció
recall,recordar
mighty,poderós
collection,col · lecció
oliver,oliver
wilson,Wilson
accent,accent
believes,creu
decisions,decisions
embarrassed,avergonyit
mobile,mòbil
customer,client
terribly,terriblement
sec,sec
charity,caritat
considering,tenint en compte
pussy,cony
donna,dona
protecting,protegint
flag,bandera
kidnapped,segrestat
italy,Itàlia
balance,equilibri
creatures,criatures
nuclear,nuclear
wallet,cartera
shout,cridar
vincent,vicent
entered,entrat
impression,impressió
angela,àngela
jay,jay
degrees,graus
favour,favor
reaction,reacció
network,xarxa
jessica,jessica
version,versió
concert,concert
gear,engranatge
singer,cantant
diamond,diamant
defeat,derrota
steven,steven
lane,carril
blast,explosió
wounded,ferit
anytime,en qualsevol moment
partners,socis
ages,edats
charlotte,charlotte
ceremony,cerimònia
league,lliga
bars,bars
orange,taronja
specific,específic
conditions,condicions
plastic,plàstic
crisis,crisi
fifth,cinquè
term,terme
self,jo mateix
offering,ofrena
bud,brot
suffered,patit
reported,reportat
commissioner,comissari
rip,descansi en pau
mysterious,misteriós
entrance,entrada
messed,desordenat
tunnel,túnel
designed,dissenyat
neighbor,veí
aboard,a bord
sweat,suor
justin,justin
ghosts,fantasmes
crimes,crims
costs,costos
deserves,mereix
dreaming,somiant
bust,bust
el,el
teddy,peluix
kong,Kong
messages,missatges
enjoying,gaudint
afterwards,després
comfort,comoditat
mason,paleta
surrender,rendir-se
gym,gimnàs
kitty,gatet
crush,aixafar
yup,si
arranged,arranjats
suits,vestits
pee,fer pipí
stress,estrès
cave,cova
wing,ala
jordan,Jordània
arrange,arranjar
comrade,camarada
noble,noble
tricks,trucs
betty,betty
launch,llançament
legend,llegenda
mix,barrejar
golf,golf
imagination,imaginació
fox,guineu
kissing,besant
butter,mantega
tax,impost
gross,brut
edward,edward
texas,Texas
insist,insisteix
marcus,marc
classic,clàssic
selfish,egoista
skull,crani
frankie,Frankie
shown,mostrat
bat,ratpenat
survived,sobreviscut
print,imprimir
champion,campió
bills,factures
therapy,teràpia
lifetime,tota una vida
throughout,arreu
a.m.,a.m.
nathan,nathan
toward,cap a
sauce,salsa
experiment,experiment
margaret,margarita
describe,descriure
ross,ross
grass,herba
cheat,enganyar
attend,assistir
homework,deures
lewis,lewis
betrayed,traït
servant,servent
cap,cap
tyler,Tyler
bible,bíblia
practically,pràcticament
catherine,caterina
steel,acer
wipe,netejar
burns,cremades
j,j
generation,generació
cabin,cabina
financial,financera
industry,indústria
bond,llaç
sheep,ovelles
scientists,científics
beaten,batut
heck,merda
deck,coberta
fans,ventiladors
script,guió
brand,marca
degree,grau
painful,dolorós
coughing,tossir
religion,religió
cats,gats
stephen,stephen
influence,influència
fuel,combustible
drawing,dibuixant
uh-oh,UH oh
rabbit,conill
exercise,exercici
attractive,atractiu
touching,tocant
virus,virus
realise,adonar-se
torture,tortura
blessed,beneït
plain,plana
rebecca,rebecca
recent,recent
barbara,barbara
footsteps,passos
sacred,sagrat
removed,eliminat
pretending,fingint
wasted,desaprofitat
jewish,jueu
goodnight,bona nit
robot,robot
crystal,cristall
confirm,confirmar
lad,noi
mile,milla
division,divisió
scratch,rascar
reminds,recorda
walks,caminades
ending,final
russia,Rússia
contest,concurs
valuable,valuós
distant,llunyà
dumped,abocat
motion,moviment
electricity,electricitat
centre,centre
murders,assassinats
tina,tina
jeremy,jeremi
seal,segell
standard,estàndard
ellen,ellen
wore,portava
surrounded,envoltat
struck,colpejat
inform,informar
gentle,amable
status,estat
purse,bossa
prints,impressions
players,jugadors
charged,carregat
begging,mendicant
delivered,lliurat
kenny,Kenny
buck,dòlar
nina,nina
construction,construcció
confirmed,confirmat
confession,confessió
trigger,disparador
cells,cèl · lules
frankly,francament
ali,ali
exit,sortida
response,resposta
cancel,cancel · lar
argument,argument
principal,principal
turkey,gall dindi
lucas,lucas
clinic,clínica
greetings,salutacions
neighbors,veïns
vice,vici
toy,joguina
hannah,Hannah
everyday,cada dia
generous,generós
gain,guany
idiots,idiotes
holly,grèvol
enjoyed,gaudit
jungle,Selva
link,enllaç
underground,subterrani
smiling,somrient
mistress,mestressa
teams,equips
product,producte
beef,vedella
whispers,xiuxiueig
religious,religiosa
presents,presenta
identify,identificar
chip,xip
chffffff,chffffff
surveillance,vigilància
carlos,carlos
vampire,vampir
routine,rutina
uses,usos
michelle,michelle
underneath,a sota
systems,sistemes
temperature,temperatura
waves,ones
tribe,tribu
brad,brad
deputy,diputat
sophie,sophie
headquarters,seu
equal,igual
phones,telèfons
ken,ken
reckon,comptar
related,relacionats
incredibly,increïblement
chill,fred
spit,escopir
tracks,pistes
oscar,oscar
makeup,maquillatge
bug,error
sounded,sonava
spirits,esperits
nerve,nervi
divorced,divorciats
stake,estaca
port,port
doorbell,timbre
worries,preocupacions
nephew,nebot
miller,moliner
units,unitats
just-,només-
proceed,procedir
landing,aterratge
traitor,traïdor
outfit,vestit
chloe,chloe
bail,fiança
fields,camps
patience,paciència
recording,gravació
foolish,neci
loaded,carregat
tokyo,Tòquio
davis,davis
costume,vestit
wayne,wayne
injured,ferits
somethin,alguna cosa
ian,ian
pet,mascota
cage,gàbia
digging,excavant
spain,espanya
seats,seients
awkward,incòmode
cleaned,netejat
pattern,patró
filthy,brut
visiting,visitant
jews,jueus
answering,contestant
concentrate,concentrar
someplace,algun lloc
citizens,ciutadans
aim,objectiu
nancy,nancia
affairs,assumptes
thick,espés
sport,esport
basic,bàsic
electric,elèctrica
pleasant,agradable
cliff,penya-segat
nail,clau
russell,russell
environment,medi ambient
western,Occidental
average,mitjana
ease,facilitat
raped,violada
interrupt,interrompre
judy,judy
satisfied,satisfet
beep,bip
starving,morint de fam
documents,documents
anniversary,aniversari
beth,beth
election,elecció
warrior,guerrer
r,r
forth,endavant
fetch,buscar
banks,bancs
placed,col · locat
timing,temporització
stones,pedres
complex,complex
frozen,congelat
replace,substituir
prayer,pregària
skip,Omet
angeles,Àngels
guilt,culpabilitat
tune,afinar
woo,vau
actions,accions
conscience,consciència
officially,oficialment
martha,marta
machines,màquines
smaller,més petit
determined,determinat
blown,bufat
hail,calamarsa
unhappy,infeliç
booth,cabina
pour,abocar
berlin,Berlín
cleared,esborrat
packed,embalat
wrap,embolicar
randy,randy
behalf,en nom
reasonable,raonable
trunk,tronc
homes,cases
festival,Festival
tradition,tradició
cigarettes,cigarrets
le,le
beside,al costat
harvey,Harvey
motive,motiu
beings,éssers
bishop,bisbe
dealer,distribuïdor
defendant,acusat
backup,còpia de seguretat
wounds,ferides
ouch,ai
ann,ann
nearby,a prop
drank,bevia
effects,efectes
jonathan,jonathan
dennis,Dennis
benefit,benefici
adventure,aventura
p,pàg
territory,territori
ve,ve
apology,disculpes
dylan,Dylan
unlike,a diferència
owns,posseeix
boxes,caixes
thus,així
clay,argila
developed,desenvolupat
busted,rebentat
pipe,canonada
gray,gris
no.,no.
goods,mercaderies
favourite,favorit
salad,amanida
loyal,lleial
atmosphere,atmosfera
eva,eva
freaking,fotut
dropping,caient
strangers,desconeguts
mouse,ratolí
downtown,centre de la ciutat
francisco,francisco
heroes,herois
pit,fossa
rotten,podrit
paradise,paradís
meantime,Mentrestant
jess,jess
organization,organització
hills,turons
exam,examen
cock,gall
fairy,fada
earl,comte
comment,comentar
activity,activitat
frame,marc
knight,cavaller
testing,provant
habit,hàbit
shelter,refugi
flow,fluir
jennifer,jennifer
holes,forats
prevent,prevenir
anthony,Antoni
lend,prestar
cooper,toler
figures,xifres
boston,boston
sample,mostra
strip,tira
landed,aterrat
buzzing,brunzit
monk,monjo
slightly,lleugerament
produce,produir
annoying,molest
judgment,judici
laundry,bugaderia
ron,ron
lousy,pèssim
souls,ànimes
existence,existència
belly,ventre
tries,intenta
foster,acollida
returning,tornant
answered,va respondre
ward,sala
plants,plantes
actress,actriu
chairman,president
individual,individual
hopes,esperances
tattoo,tatuatge
fence,tanca
sink,pica
punk,punk
confident,confiat
yay,Visca
mistaken,equivocat
limit,límit
bothering,molestant
st,st
uncomfortable,incòmode
wednesday,dimecres
gifts,regals
policeman,policia
na,na
precisely,precisament
lawyers,advocats
greek,grec
merely,simplement
criminals,delinqüents
underwear,roba interior
hoped,esperava
earned,guanyat
reveal,revelar
appeared,va aparèixer
derek,derek
heavens,cels
personality,personalitat
batman,batman
virginia,Virgínia
wives,dones
colour,color
worker,treballador
pope,papa
instructions,instruccions
intelligent,intel · ligent
worrying,preocupant
vince,vince
comin,comin
cried,va cridar
traveling,viatjant
bells,campanes
x,x
impact,impacte
robbed,robat
relief,relleu
host,amfitrió
footage,metratge
odds,possibilitats
patrol,patrulla
circus,circ
mud,fang
captured,capturat
lessons,lliçons
occasion,ocasió
sets,col · leccions
pulse,pols
ad,ad
invented,inventat
diamonds,diamants
matthew,Mateu
auntie,tieta
cloud,núvol
francis,Francesc
angels,àngels
hers,seva
classes,classes
mm-hm,mm-hm
signature,signatura
complain,queixar-se
blah,bla
monitor,monitor
options,opcions
claims,reclamacions
flies,mosques
pat,pat
britain,Gran Bretanya
hid,amagat
wailing,lamentar
listened,escoltat
countries,països
vic,vic
yell,cridar
rats,rates
wondered,preguntat
smooth,llis
resist,resistir
companies,empreses
fantasy,fantasia
passport,passaport
pitch,Brea
hammer,martell
homicide,homicidi
casey,casey
holds,aguanta
flew,va volar
jacob,jacob
noon,migdia
helicopter,helicòpter
dishes,plats
spin,girar
charm,encant
slap,bufetada
apply,aplicar
fools,ximples
screeching,xisclat
discover,descobrir
previous,anterior
kit,kit
authorities,autoritats
moaning,gemegant
photograph,fotografia
sales,vendes
fifty,cinquanta
mickey,mickey
beneath,a sota
farewell,adéu
clouds,núvols
slipped,va relliscar
represent,representar
deaf,sord
facing,de cara
offense,ofensa
citizen,ciutadà
clown,pallasso
snap,encaixar
messing,embolicant
hood,caputxa
twelve,dotze
interests,interessos
cheated,enganyat
liz,liz
informed,informat
humanity,humanitat
producer,productor
technically,tècnicament
accounts,comptes
extreme,extrem
gettin,aconseguint
cia,cia
ii,ii
pays,paga
profile,Perfil
oxygen,oxigen
jeez,carai
gene,gen
shed,cobert
minor,menor
ex,ex
theatre,teatre
scientific,científic
lovers,amants
chaos,Chaos
l.a.,l.a.
rocket,coet
math,matemàtiques
stubborn,tossut
august,Agost
oi,oi
chips,xips
intense,intens
grey,gris
talkin,parlant
terrorist,terrorista
angle,angle
invitation,invitació
gus,gus
gambling,jocs d'atzar
respond,respondre
thirty,trenta
procedure,procediment
absolute,absolut
investigate,investigar
tragedy,tragèdia
stable,estable
session,sessió
capture,captura
marrying,casar-se
ripped,arrencat
attacks,atacs
stretch,estirar
bush,matoll
dates,dates
unable,incapaç
gates,portes
mars,mart
artists,artistes
increase,augmentar
tastes,gustos
cared,cuidat
bottles,ampolles
highest,més alt
whirring,xiuxiuejant
meanwhile,mentrestant
nate,nate
grabbed,va agafar
pigs,porcs
chop,tallar
olivia,olivia
wheels,rodes
shocked,commocionat
reverend,reverend
commercial,comercial
escort,escorta
engagement,compromís
corpse,cadàver
louise,lluïsa
worthy,digne
scale,escala
beats,batecs
williams,williams
threatening,amenaçador
exists,existeix
academy,acadèmia
acts,actes
hop,hop
judges,jutges
furniture,mobles
shared,compartit
ralph,ralph
consequences,conseqüències
engineer,enginyer
schools,escoles
softly,suaument
bombs,bombes
caroline,carolina
shark,tauró
transport,transport
population,població
succeed,tenir èxit
creepy,horripilant
sneak,colar
studies,estudis
destruction,destrucció
keith,Keith
protected,protegit
monsters,monstres
joining,unint-se
punished,castigat
lightning,llamps
malcolm,malcolm
shell,closca
fascinating,fascinant
chamber,cambra
ethan,etan
romance,romanç
instance,instància
jumping,saltant
groups,grups
exhausted,esgotat
testify,testimoniar
studied,estudiat
walker,caminador
pin,pin
imagined,imaginat
drill,trepant
investigating,investigant
ye,tu
experienced,experimentat
elena,elena
necklace,collaret
loyalty,lleialtat
junk,escombraries
cole,cole
cries,plora
stanley,Stanley
rita,rita
southern,meridional
blocks,blocs
emotions,emocions
begun,començat
maya,maia
liver,fetge
serving,servir
matches,partits
surgeon,cirurgià
granted,concedit
jazz,jazz
july,juliol
supplies,subministraments
deeper,més profund
typical,típic
kicking,donant puntades
obey,obeir
dancer,ballarina
remote,remot
daughters,filles
moron,idiota
latin,llatí
teachers,professors
toby,toby
sandy,sorrenc
dragged,arrossegat
strategy,estratègia
parent,pare
jin,jin
album,àlbum
compared,comparat
rubbish,escombraries
helpful,útil
powder,pols
sync,sincronitzar
bum,bum
passes,passa
joan,joan
fort,fort
choices,opcions
alley,carreró
supper,sopar
penis,penis
alibi,coartada
sammy,sammy
pole,pal
coke,coca
scientist,científic
fighter,lluitador
highway,carretera
blade,fulla
alpha,alfa
diet,dieta
liquor,licor
jet,jet
widow,vídua
liberty,llibertat
philip,Felip
moral,moral
carrie,carrie
award,premi
grief,dol
thirsty,assedegat
ashley,Ashley
random,aleatòria
suspects,sospitosos
intention,intenció
julian,julià
active,actiu
tools,eines
driven,conduït
trauma,trauma
headache,mal de cap
safely,amb seguretat
alexander,alexandre
knee,genoll
lads,nois
novel,novel·la
conversations,converses
waters,aigües
lookin,mirant
invisible,invisible
internal,intern
peaceful,Pacífic
humming,tararejant
washed,rentat
drives,unitats
talented,talentós
li,li
aid,ajuda
elephant,elefant
troubles,problemes
core,nucli
serial,sèrie
s-,s-
painted,pintat
the,el
divine,divina
jam,melmelada
goat,cabra
opera,òpera
thieves,lladres
guessing,endevinar
objection,objecció
whiskey,whisky
florida,florida
resistance,resistència
dressing,vestir
attached,adjunt
aaron,aaron
brief,breu
punish,castigar
eternal,etern
lois,lois
and,i
required,requerit
victoria,victòria
fabulous,fabulós
twins,bessons
characters,personatges
cooked,cuit
ln,ln
ruth,ruth
dreamed,somiat
arts,arts
naughty,entremaliat
stabbed,apunyalat
tend,tendeix
diane,diane
tap,aixeta
soap,sabó
locker,taquilla
development,desenvolupament
images,imatges
prick,punxada
global,global
string,corda
bitter,amarg
sharing,compartint
corn,blat de moro
craig,craig
fits,encaixa
tent,tenda de campanya
forms,formes
votes,vots
harold,harold
propose,proposar
monica,Mònica
constantly,constantment
granny,àvia
nicely,molt bé
nerves,nervis
arguing,discutint
abuse,abús
relatives,familiars
survival,supervivència
gloves,guants
tracking,seguiment
zoe,zoe
u,u
bend,doblegar
review,revisió
connect,connectar
separated,separats
elder,gran
beard,barba
admiral,almirall
diana,diana
salary,sou
areas,àrees
disturb,molestar
pro,pro
maintain,mantenir
solved,resolt
wealth,riquesa
bitches,gosses
possession,possessió
sang,cantava
gimme,dona'm
plates,plaques
shoulders,espatlles
burnt,cremat
recorded,gravat
upper,superior
counts,compta
tale,conte
profit,benefici
colleague,col·lega
warehouse,magatzem
hostage,ostatge
shore,Riba
porn,porno
miami,miami
fifteen,quinze
visitors,visitants
bo,bo
net,net
insult,insult
owen,owen
cities,ciutats
causing,provocant
lemon,llimona
heal,curar
banging,cops
honeymoon,lluna de mel
appeal,apel·lació
marshall,mariscal
critical,crític
creating,creant
scotland,Escòcia
crane,grua
enormous,enorme
testimony,testimoni
praise,elogis
fights,baralles
indians,indis
commission,comissió
growls,grunyits
nicole,nicole
sins,pecats
fraud,frau
branch,branca
happily,feliçment
bout,combat
covering,cobriment
occurred,ha passat
beans,mongetes
raw,crua
muscle,múscul
pages,pàgines
tense,tens
relationships,relacions
management,gestió
assignment,assignació
blonde,Ros
catching,agafant
exposed,exposat
canada,Canadà
dont,no
han,han
von,von
comedy,comèdia
marco,marc
stroke,ictus
whistling,xiulant
buildings,edificis
shaking,sacsejant
p.m.,p.m.
facility,instal·lació
appropriate,apropiat
remarkable,notable
transferred,transferit
drawn,dibuixat
tits,pits
clicking,fent clic
symbol,símbol
motor,motor
employees,empleats
ambassador,ambaixador
mothers,mares
pile,pila
feeding,alimentació
soda,refresc
checks,xecs
bears,óssos
cookies,galetes
slut,puta
awfully,terriblement
stepped,va trepitjar
toys,joguines
levels,nivells
differently,diferent
magnificent,magnífic
steak,bistec
tube,tub
leaders,líders
superior,superior
herr,Herr
pan,paella
expression,expressió
currently,actualment
throne,tron
deadly,mortal
bee,abella
tooth,dent
depressed,deprimit
potatoes,patates
wicked,malvat
resources,recursos
native,autòcton
centuries,segles
karl,karl
poetry,poesia
multiple,múltiples
cable,cable
shortly,en breu
buzz,brunzit
socks,mitjons
fingerprints,empremtes dactilars
goddess,deessa
chin,barbeta
anxious,ansiós
september,setembre
colors,colors
basketball,bàsquet
promises,promeses
explained,explicat
appearance,aparença
musical,musical
sends,envia
slide,diapositiva
aii,aii
shawn,shawn
ultimate,definitiva
pork,carn de porc
communication,comunicació
payment,pagament
structure,estructura
paperwork,paperassa
obsessed,obsessionat
lazy,mandrós
russians,russos
actors,actors
squeeze,apretar
magical,màgic
colleagues,companys
admire,admirar
madness,bogeria
roads,carreteres
entry,entrada
injury,ferida
burden,càrrega
racing,carreres
manner,manera
freezing,congelant
bits,bits
norman,normand
mount,muntar
battery,bateria
dessert,postres
pound,lliura
visited,visitat
motel,motel
rumbling,rebombori
cinema,cinema
fond,aficionat
halfway,a mig camí
rifle,rifle
reception,recepció
statue,estàtua
fridge,nevera
brick,maó
abandon,abandonar
lap,volta
natalie,natalia
wars,guerres
recommend,recomanar
brush,pinzell
nelson,Nelson
pill,pastilla
concept,concepte
w,w
delay,retard
quarters,quarts
korea,Corea
janet,janet
rub,fregar
mall,centre comercial
soil,sòl
complaint,denúncia
sail,navegar
baker,forner
coughs,tos
bucket,cubell
description,descripció
badge,insígnia
measure,mesura
hip,maluc
function,funció
indistinctly,indistintament
harris,harris
foundation,fundació
labor,treball
willie,willie
waiter,cambrer
homeless,sense sostre
proved,demostrat
unfortunate,lamentable
log,registre
meetings,reunions
giggles,rialles
combat,combat
poem,poema
polish,polir
handed,lliurat
mia,mia
weed,mala herba
raymond,raymond
tons,tones
satellite,satèl·lit
jersey,samarreta
eagle,àguila
privacy,privadesa
chapter,capítol
treating,tractant
wisdom,saviesa
flip,voltejar
entering,entrant
barn,graner
farmer,pagès
clan,clan
budget,pressupost
pub,pub
temporary,temporal
effective,efectiu
sonny,fill
wendy,wendy
juan,juan
lamb,xai
plot,parcel · la
riley,riley
proposal,proposta
sticks,pals
searched,buscat
blessing,benedicció
rage,ràbia
bothered,molestat
sydney,Sydney
basis,base
manners,maneres
recover,recuperar
twist,torçar
neil,neil
leak,fugida
item,article
catholic,catòlica
sighing,sospirant
retired,jubilat
kings,reis
inner,interior
cents,cèntims
affect,afectar
forbidden,prohibit
patch,pegat
drops,gotes
necessarily,necessàriament
provided,proporcionat
meters,metres
booked,reservat
returns,torna
gloria,glòria
fires,incendis
humor,humor
torn,esquinçat
e-mail,correu electrònic
rocky,rocós
introduced,introduït
creative,creatiu
betray,trair
soviet,soviètic
various,diversos
added,afegit
discovery,descobriment
cowboy,vaquer
suspected,sospitat
suggested,suggerit
delighted,encantat
sticking,enganxant-se
dive,immersió
shane,shane
radar,radar
prosecutor,fiscal
amber,ambre
vast,vast
quinn,quinn
owned,propietat
cookie,galeta
finest,millor
felix,Felix
pump,bomba
valentine,Sant Valentí
counter,comptador
sorts,classes
coin,moneda
warren,warren
slaves,esclaus
marine,marí
illness,malaltia
sack,sac
bid,oferta
require,requereixen
moscow,Moscou
largest,més gran
washing,rentat
achieve,aconseguir
causes,causes
k,k
mo,mo
dope,droga
nest,niu
palm,palmell
logan,logan
constant,constant
b.,b.
boo,boo
medication,medicació
gravity,gravetat
booze,beguda
noah,noah
evan,evan
abroad,a l'estranger
christine,christine
rising,pujant
analysis,anàlisi
cuts,talls
eats,menja
employee,empleat
vodka,vodka
damaged,espatllat
solar,solar
height,alçada
pops,pops
yards,iardes
terrified,aterrit
suitcase,maleta
chemical,química
preparing,preparant-se
advanced,avançat
fund,fons
wears,porta
chirping,xiulant
web,web
phase,fase
prom,Ball de fi de curs
suggesting,suggerint
fleet,flota
lame,coix
irish,irlandesa
editor,editor
october,octubre
assumed,suposat
whip,fuet
mel,mel
region,regió
amongst,entre
temper,temperament
discussion,discussió
engines,motors
operate,funcionar
sunshine,sol
acted,actuat
undercover,encobert
horror,horror
tested,provat
smash,aixafar
contrary,contràriament
roses,roses
poker,pòquer
wrapped,embolicat
korean,coreà
graham,graham
mi,mi
fu,fu
ivan,ivan
focused,centrat
liam,liam
tragic,tràgic
carla,carla
demons,dimonis
rounds,rondes
entertainment,entreteniment
gathered,reunit
uhh,uhh
yells,crida
lincoln,lincoln
crossing,travessa
blanket,manta
nut,nou
travis,travis
pockets,butxaques
limited,limitada
paintings,pintures
sober,sobri
caesar,césar
sis,germana
intended,previst
niece,neboda
computers,ordinadors
tennis,tennis
needle,agulla
chicks,pollets
traditional,tradicional
delicate,delicat
independent,independent
leslie,leslie
lauren,lauren
grandson,nét
repair,reparació
a.,a.
brandon,Brandon
executive,executiu
colin,colin
recognized,reconegut
holmes,Holmes
regarding,respecte
weakness,debilitat
aliens,extraterrestres
gunshots,trets
european,Europeu
method,mètode
tool,eina
demands,demandes
permit,permís
towel,tovallola
daisy,margarida
nowadays,avui dia
spider,aranya
northern,nord
rangers,guardabosques
zoo,zoològic
praying,pregant
antonio,antoni
passengers,passatgers
con,con
australia,Austràlia
technique,tècnica
cellphone,mòbil
gently,suaument
operations,operacions
planes,avions
bunny,conillet
gunfire,trets
shining,brillant
backwards,cap enrere
skill,habilitat
uh-,eh-
baron,baró
kidnapping,segrest
iike,igual
marshal,mariscal
petty,mesquines
sealed,segellat
massage,massatge
raising,alçament
menu,menú
diary,diari
fucker,puta
wagon,vagó
audition,audició
mitch,mitch
mexican,mexicana
casino,casino
bacon,cansalada
diego,diego
dutch,holandès
promotion,promoció
click,feu clic
forgiveness,el perdó
burst,explosió
permanent,permanent
interfere,interferir
chanting,cantant
dammit,merda
spencer,spencer
recovered,recuperat
registered,enregistrat
sunny,assolellat
packing,embalatge
scenes,escenes
superman,superhome
questioning,qüestionant
unfair,injust
admitted,admès
ancestors,avantpassats
polite,educat
completed,completat
swallow,empassar
conduct,conducta
prayers,oracions
sheet,fulla
fried,fregits
avenue,avinguda
poisoned,enverinat
reverse,revés
newspapers,diaris
ford,gual
complaining,queixant-se
senses,sentits
investment,inversió
absurd,absurd
potato,patata
understands,entén
grows,creix
inspired,inspirat
ruby,robí
celebrating,celebrant
tag,etiqueta
ram,ram
requires,requereix
bonnie,bonnie
bugs,errors
leonard,leonard
elliot,elliot
hooked,enganxat
jill,jill
ranch,ranxo
safer,més segur
worn,desgastat
crashing,estavellant-se
lands,terres
heather,bruc
ash,cendra
leather,cuir
grounds,motius
assuming,assumint
nails,ungles
dana,dana
conspiracy,conspiració
thanksgiving,acció de gràcies
pierre,pedra
guardian,guardià
rumors,rumors
yen,iens
megan,megan
ashes,cendres
terror,terror
misunderstanding,malentès
tire,pneumàtic
boats,vaixells
parade,cercavila
halt,parar
immunity,immunitat
adults,adults
steam,vapor
kang,kang
closely,de prop
pearl,perla
soccer,futbol
adrian,adrià
priority,prioritat
shouts,crits
donald,donald
happier,més feliç
khan,khan
struggling,lluitant
root,arrel
larger,més gran
november,de novembre
boot,arrencada
conflict,conflicte
laughed,va riure
debbie,debbie
cherry,cirera
honking,tocant el claxon
concerns,preocupacions
celebration,celebració
sore,dolor
unconscious,inconscient
cattle,ramat
breasts,pits
fairly,justament
fee,quota
recognise,reconèixer
wade,vadejar
radiation,radiació
holidays,vacances
raining,plovent
forgetting,oblidant
lungs,pulmons
register,registrar-se
shadows,ombres
specifically,concretament
sarge,sarge
ideal,ideal
turtle,tortuga
spoil,espatllar
deserved,merescut
ronnie,ronnie
gina,gina
candidate,candidat
lance,llança
types,tipus
bloke,paio
explode,explotar
immediate,immediat
belonged,pertanyia
identified,identificat
di,di
hunger,fam
closest,més propera
combination,combinació
nanny,mainadera
seth,set
gabriel,gabriel
develop,desenvolupar
detectives,detectius
severe,greu
en,en
organized,organitzat
franklin,Franklin
gut,budell
splendid,esplèndid
dismissed,acomiadat
pm,pm
yang,yang
halloween,Halloween
ellie,ellie
vulnerable,vulnerable
continued,va continuar
vital,vital
comrades,camarades
bureau,oficina
drawer,calaix
harper,harper
retreat,retirada
carson,carson
benny,Benny
pillow,coixí
troy,troia
ace,as
cart,carro
nap,migdiada
chan,chan
ham,pernil
announce,anunciar
borrowed,prestat
parked,aparcat
galaxy,galàxia
voted,votat
muffled,apagat
sebastian,sebastià
mmm-hmm,mmm-hmm
jewelry,joieria
kisses,petons
luggage,equipatge
groom,el nuvi
oops,vaja
lighter,més lleuger
masters,mestres
alliance,aliança
buddies,amics
clothing,roba
denied,negat
drown,ofegar
alike,igual
excellency,excel·lència
relative,relatiu
photographs,fotografies
burger,hamburguesa
dough,massa
alicia,alícia
wreck,naufragi
approve,aprovar
produced,produït
christina,christina
physically,físicament
stations,estacions
eli,eli
samantha,samantha
spiritual,espiritual
sire,pare
roaring,rugint
stab,punyalada
inch,polzada
servants,servidors
limits,límits
unexpected,inesperat
arrival,arribada
whimpering,gemecs
basket,cistella
sheets,llençols
scandal,escàndol
stink,pudor
homer,homer
tara,tara
christopher,christopher
toes,dits dels peus
t-,t-
shield,escut
shooter,tirador
instant,instant
objects,objectes
rehearsal,assaig
disturbing,inquietant
directed,dirigit
scan,escanejar
electronic,electrònica
republic,República
overnight,durant la nit
counsel,Consell
sirens,sirenes
dorothy,dorothy
bait,esquer
dignity,dignitat
explains,explica
lean,magra
heroin,heroïna
tracy,tracy
rex,rex
barney,Barney
gossip,xafarderies
humble,humils
economy,economia
worlds,mons
impress,impressionar
clara,clara
tissue,teixit
threaten,amenaçar
et,et
bump,bony
supreme,suprem
bingo,bingo
mitchell,mitchell
excitement,emoció
mankind,la humanitat
document,document
broad,ample
vietnam,vietnam
vessel,vaixell
lit,encès
dale,dale
killers,assassins
connor,connor
mario,mario
foul,falta
stare,mirar
deaths,defuncions
hut,cabana
elements,elements
coma,coma
laying,posada
coffin,taüt
paula,paula
cocaine,cocaïna
puppy,cadell
louder,més fort
handled,manejat
announcement,anunci
oath,jurament
mob,turba
cotton,cotó
deposit,dipòsit
taxes,impostos
injuries,lesions
jen,jen
autopsy,autòpsia
advise,aconsellar
gig,concert
lecture,Conferència
posted,publicat
skinny,prim
lo,hola
include,incloure
revealed,revelat
infected,infectat
relieved,alleujat
assistance,assistència
solo,en solitari
determine,determinar
terrorists,terroristes
elsewhere,en una altra part
lamp,llum
practical,pràctic
marked,marcat
adorable,adorable
rubber,goma d'esborrar
purple,porpra
operating,en funcionament
suite,suite
apologies,disculpes
personnel,personal
beam,biga
poet,poeta
samples,mostres
arrow,fletxa
counselor,conseller
carpet,catifa
allen,allen
audrey,audrey
spotted,tacat
floating,flotant
corrected,corregit
located,situat
journalist,periodista
insisted,va insistir
operator,operador
rely,confiar
singh,cantar
fooled,enganyat
arrives,arriba
i.d.,i.d.
leon,lleó
walt,Walt
eastern,oriental
ay,ai
shave,afaitar-se
remaining,restant
toss,tirar
anderson,anderson
lip,llavi
acid,àcid
nora,nora
si,si
december,desembre
anonymous,anònim
inn,fonda
planted,plantat
oldest,més antic
breast,pit
sixth,sisè
error,error
reporting,informes
egypt,Egipte
islands,illes
brother-in-law,cunyat
jules,jules
roommate,company de pis
sings,canta
scum,escombra
visitor,visitant
giggling,rient
described,descrit
geez,carai
inches,polzades
commitment,compromís
hercules,Hèrcules
react,reaccionar
cows,vaques
protest,protesta
misery,misèria
theft,robatori
embrace,abraçar
darn,maleït
harsh,dur
andrea,andrea
communicate,comunicar-se
fathers,pares
faithful,fidel
hector,hector
uh-uh,uh-uh
flame,flama
medal,medalla
silk,de seda
photographer,fotògraf
trevor,trevor
cemetery,cementiri
rear,posterior
freddy,freddy
banana,plàtan
allison,allison
emotion,emoció
chap,cap
dated,datat
excuses,excuses
shitty,merda
bin,paperera
jew,jueu
gum,xiclet
crushed,aixafat
efforts,esforços
content,contingut
corporal,corporal
realised,adonar-se'n
del,del
rap,rap
hopeless,sense esperança
debate,debat
era,era
luckily,per sort
ton,tona
liquid,líquid
swell,inflar
peggy,peggy
feast,festa
murphy,murphy
attracted,atret
application,aplicació
profession,professió
bench,banc
vanessa,vanessa
ahem,ejem
symptoms,símptomes
scout,explorador
crashed,es va estavellar
keen,entusiasmat
aircraft,avions
formed,format
hon,hon
aggressive,agressiu
pale,pàl·lid
significant,significatiu
duncan,duncan
clubs,clubs
visual,visual
embassy,ambaixada
defence,defensa
cabinet,gabinet
display,visualització
fame,fama
gibbs,gibbs
drowned,ofegat
wolves,llops
filming,rodatge
dunno,no sé
cursed,Maleït
twin,bessó
sorrow,pena
vault,volta
defeated,derrotat
watson,watson
quote,cita
penalty,penalització
bargain,negociació
pepper,pebre
speaker,altaveu
compare,comparar
satan,Satanàs
helmet,casc
scar,cicatriu
copies,còpies
fuss,enrenou
envelope,sobre
perry,perry
stinks,fa pudor
african,africana
arrangements,arranjaments
wished,desitjat
honored,honrat
believing,creient
discussed,discutit
assigned,assignat
rosa,rosa
oven,forn
jenna,Jenna
attacking,atacant
tin,llauna
sonic,sonor
collar,coll
mere,mera
romeo,romeu
belief,creença
storage,emmagatzematge
rusty,rovellat
psycho,psicològic
climbing,escalada
melissa,melissa
fears,pors
sum,suma
dedicated,dedicat
ladder,escala
alternative,alternativa
raid,raid
dining,menjador
ms,Senyora
corporate,corporatiu
folk,popular
jon,jon
replaced,reemplaçat
bailey,bailey
un,un
heels,talons
duties,deures
smarter,més intel·ligent
existed,existit
surprising,sorprenent
chess,escacs
requested,demanat
cruise,creuer
primary,primària
rhythm,ritme
drum,tambor
models,models
motorcycle,moto
adopted,adoptat
barrel,barril
cargo,càrrega
planets,planetes
shove,empènyer
wha,que
surprises,sorpreses
rosie,rosa
dings,abocaments
trailer,tràiler
cannon,canó
tables,taules
arse,cul
ally,aliat
lawrence,llorenç
wee,petit
tapes,cintes
dull,avorrit
sandra,sandra
teenage,adolescent
kent,kent
cooperate,cooperar
risks,riscos
dug,excavat
worthless,sense valor
arriving,arribant
kindness,bondat
ties,llaços
items,elements
and-,i-
grip,agafar
relations,relacions
rumor,rumor
skirt,faldilla
frog,granota
paige,paige
lloyd,lloyd
claimed,reclamat
perfume,perfum
instrumental,instrumental
flames,flames
association,Associació
loses,perd
january,gener
spike,Espiga
israel,israel
eleven,onze
gallery,galeria
ginger,gingebre
activities,activitats
iraq,Iraq
boarding,embarcament
fist,puny
stuffed,farcit
improve,millorar
creation,creació
connie,connie
infection,infecció
strikes,vagues
wiped,eixugat
tension,tensió
whistles,xiulets
kindly,amablement
certificate,certificat
curtis,curtis
bold,agosarat
threats,amenaces
claudia,claudia
sid,sid
twisted,retorçat
suspended,suspès
affected,afectats
envy,enveja
whale,balena
dial,marcar
cameron,cameron
martial,marcial
controlled,controlat
lung,pulmó
nigga,nigga
coal,carbó
upside,al revés
imperial,imperial
pam,pam
paranoid,paranoic
signing,signant
congress,congrés
villa,vila
candles,espelmes
filling,farciment
becky,becky
comic,còmic
faint,desmais
recovery,recuperació
volunteer,voluntari
tech,tecnologia
bleed,sagnar
positions,posicions
cindy,cindy
narrow,estret
forbid,prohibir
stuart,Stuart
perspective,perspectiva
faced,enfrontat
neat,net
pierce,perforar
observe,observar
cycle,cicle
psychic,psíquic
handling,maneig
goose,oca
accidentally,accidentalment
conclusion,conclusió
designer,dissenyador
sits,s'asseu
importance,importància
spots,taques
francs,francs
sweep,escombrar
destroying,destruint
communist,comunista
blackmail,xantatge
pacific,pacífic
risky,arriscat
glorious,gloriós
filed,arxivat
hatred,odi
cam,lleva
deals,ofertes
pos,pos
fooling,enganyar
persons,persones
scotch,escocès
executed,executat
brakes,frens
blank,en blanc
tender,tendre
kurt,kurt
turner,torner
tub,banyera
sucker,xuclador
slight,lleu
addition,addició
campus,campus